Codice_Comune,Comune,Codice,distretto,Comune_maiusc,VECCHIO_DISTRETTO,asst,COMRES,ASST,VECCHIO_AMBITO,PROV,cessato,TERRITORIO,DISTRETTO,AMBITO
019001,Acquanegra cremonese,19001,1,ACQUANEGRA CREMONESE,1_CREMONA,CREMONA,019001,CREMONA,CREMONA,CREMONA,,CREMONA,CREMONESE,CREMONA
020001,Acquanegra sul Chiese,20001,4,ACQUANEGRA SUL CHIESE,2_ASOLA,MANTOVA,020001,MANTOVA,ASOLA-GUIDIZZOLO,MANTOVA,,MANTOVA,ALTO MANTOVANO,ASOLA
019002,Agnadello,19002,2,AGNADELLO,1_CREMA,CREMA,019002,CREMA,CREMA,CREMONA,,CREMA,CREMASCO,CREMA
019003,Annicco,19003,1,ANNICCO,1_CREMONA,CREMONA,019003,CREMONA,CREMONA,CREMONA,,CREMONA,CREMONESE,CREMONA
020002,Asola,20002,4,ASOLA,2_ASOLA,MANTOVA,020002,MANTOVA,ASOLA-GUIDIZZOLO,MANTOVA,,MANTOVA,ALTO MANTOVANO,ASOLA
019004,Azzanello,19004,1,AZZANELLO,1_CREMONA,CREMONA,019004,CREMONA,CREMONA,CREMONA,,CREMONA,CREMONESE,CREMONA
019005,Bagnolo cremasco,19005,2,BAGNOLO CREMASCO,1_CREMA,CREMA,019005,CREMA,CREMA,CREMONA,,CREMA,CREMASCO,CREMA
020003,Bagnolo San Vito,20003,6,BAGNOLO SAN VITO,2_MANTOVA,MANTOVA,020003,MANTOVA,MANTOVA,MANTOVA,,MANTOVA,MANTOVANO,MANTOVA
020004,Bigarello,20004,6,BIGARELLO,2_MANTOVA,MANTOVA,020004,MANTOVA,MANTOVA,MANTOVA,1,MANTOVA,MANTOVANO,MANTOVA
019006,Bonemerse,19006,1,BONEMERSE,1_CREMONA,CREMONA,019006,CREMONA,CREMONA,CREMONA,,CREMONA,CREMONESE,CREMONA
019007,Bordolano,19007,1,BORDOLANO,1_CREMONA,CREMONA,019007,CREMONA,CREMONA,CREMONA,,CREMONA,CREMONESE,CREMONA
020073,Borgocarbonara,20073,7,BORGOCARBONARA,2_OSTIGLIA,MANTOVA,020073,MANTOVA,OSTIGLIA-SUZZARA,MANTOVA,,MANTOVA,BASSO MANTOVANO,OSTIGLIA
020072,Borgo Mantovano,20072,7,BORGO MANTOVANO,2_OSTIGLIA,MANTOVA,020072,MANTOVA,OSTIGLIA-SUZZARA,MANTOVA,,MANTOVA,BASSO MANTOVANO,OSTIGLIA
020071,Borgo Virgilio,20071,6,BORGO VIRGILIO,2_MANTOVA,MANTOVA,020071,MANTOVA,MANTOVA,MANTOVA,,MANTOVA,MANTOVANO,MANTOVA
020005,Borgoforte,20005,6,BORGOFORTE,2_MANTOVA,MANTOVA,020005,MANTOVA,MANTOVA,MANTOVA,1,MANTOVA,MANTOVANO,MANTOVA
020006,Borgofranco sul Po,20006,7,BORGOFRANCO SUL PO,2_OSTIGLIA,MANTOVA,020006,MANTOVA,OSTIGLIA-SUZZARA,MANTOVA,1,MANTOVA,BASSO MANTOVANO,OSTIGLIA
020007,Bozzolo,20007,9,BOZZOLO,2_VIADANA,MANTOVA,020007,MANTOVA,CASALMAGGIORE-VIADANA,MANTOVA,,MANTOVA,CASALASCO - VIADANESE OGLIO PO,VIADANA
019008,Ca' d'andrea,19008,3,CA' D'ANDREA,1_CASALMAGGIORE,CREMONA,019008,CREMONA,CASALMAGGIORE-VIADANA,CREMONA,1,MANTOVA,CASALASCO - VIADANESE OGLIO PO,CASALMAGGIORE
019009,Calvatone,19009,3,CALVATONE,1_CASALMAGGIORE,CREMONA,019009,CREMONA,CASALMAGGIORE-VIADANA,CREMONA,,MANTOVA,CASALASCO - VIADANESE OGLIO PO,CASALMAGGIORE
019010,Camisano,19010,2,CAMISANO,1_CREMA,CREMA,019010,CREMA,CREMA,CREMONA,,CREMA,CREMASCO,CREMA
019011,Campagnola cremasca,19011,2,CAMPAGNOLA CREMASCA,1_CREMA,CREMA,019011,CREMA,CREMA,CREMONA,,CREMA,CREMASCO,CREMA
020008,Canneto sull'Oglio,20008,4,CANNETO SULL'OGLIO,2_ASOLA,MANTOVA,020008,MANTOVA,ASOLA-GUIDIZZOLO,MANTOVA,,MANTOVA,ALTO MANTOVANO,ASOLA
019012,Capergnanica,19012,2,CAPERGNANICA,1_CREMA,CREMA,019012,CREMA,CREMA,CREMONA,,CREMA,CREMASCO,CREMA
019013,Cappella cantone,19013,1,CAPPELLA CANTONE,1_CREMONA,CREMONA,019013,CREMONA,CREMONA,CREMONA,,CREMONA,CREMONESE,CREMONA
019014,Cappella de'picenardi,19014,1,CAPPELLA DE' PICENARDI,1_CREMONA,CREMONA,019014,CREMONA,CREMONA,CREMONA,,CREMONA,CREMONESE,CREMONA
019015,Capralba,19015,2,CAPRALBA,1_CREMA,CREMA,019015,CREMA,CREMA,CREMONA,,CREMA,CREMASCO,CREMA
020009,Carbonara di Po,20009,7,CARBONARA DI PO,2_OSTIGLIA,MANTOVA,020009,MANTOVA,OSTIGLIA-SUZZARA,MANTOVA,1,MANTOVA,BASSO MANTOVANO,OSTIGLIA
019016,Casalbuttano ed uniti,19016,1,CASALBUTTANO ED UNITI,1_CREMONA,CREMONA,019016,CREMONA,CREMONA,CREMONA,,CREMONA,CREMONESE,CREMONA
019017,Casale cremasco-vidolasco,19017,2,CASALE CREMASCO-VIDOLASCO,1_CREMA,CREMA,019017,CREMA,CREMA,CREMONA,,CREMA,CREMASCO,CREMA
019018,Casaletto ceredano,19018,2,CASALETTO CEREDANO,1_CREMA,CREMA,019018,CREMA,CREMA,CREMONA,,CREMA,CREMASCO,CREMA
019019,Casaletto di sopra,19019,2,CASALETTO DI SOPRA,1_CREMA,CREMA,019019,CREMA,CREMA,CREMONA,,CREMA,CREMASCO,CREMA
019020,Casaletto vaprio,19020,2,CASALETTO VAPRIO,1_CREMA,CREMA,019020,CREMA,CREMA,CREMONA,,CREMA,CREMASCO,CREMA
019021,Casalmaggiore,19021,3,CASALMAGGIORE,1_CASALMAGGIORE,CREMONA,019021,CREMONA,CASALMAGGIORE-VIADANA,CREMONA,,MANTOVA,CASALASCO - VIADANESE OGLIO PO,CASALMAGGIORE
019022,Casalmorano,19022,1,CASALMORANO,1_CREMONA,CREMONA,019022,CREMONA,CREMONA,CREMONA,,CREMONA,CREMONESE,CREMONA
020010,Casalmoro,20010,4,CASALMORO,2_ASOLA,MANTOVA,020010,MANTOVA,ASOLA-GUIDIZZOLO,MANTOVA,,MANTOVA,ALTO MANTOVANO,ASOLA
020011,Casaloldo,20011,4,CASALOLDO,2_ASOLA,MANTOVA,020011,MANTOVA,ASOLA-GUIDIZZOLO,MANTOVA,,MANTOVA,ALTO MANTOVANO,ASOLA
020012,Casalromano,20012,4,CASALROMANO,2_ASOLA,MANTOVA,020012,MANTOVA,ASOLA-GUIDIZZOLO,MANTOVA,,MANTOVA,ALTO MANTOVANO,ASOLA
020014,Castel d'Ario,20014,6,CASTEL D'ARIO,2_MANTOVA,MANTOVA,020014,MANTOVA,MANTOVA,MANTOVA,,MANTOVA,MANTOVANO,MANTOVA
019024,Castel gabbiano,19024,2,CASTEL GABBIANO,1_CREMA,CREMA,019024,CREMA,CREMA,CREMONA,,CREMA,CREMASCO,CREMA
020015,Castel Goffredo,20015,4,CASTEL GOFFREDO,2_ASOLA,MANTOVA,020015,MANTOVA,ASOLA-GUIDIZZOLO,MANTOVA,,MANTOVA,ALTO MANTOVANO,ASOLA
020013,Castelbelforte,20013,6,CASTELBELFORTE,2_MANTOVA,MANTOVA,020013,MANTOVA,MANTOVA,MANTOVA,,MANTOVA,MANTOVANO,MANTOVA
019023,Casteldidone,19023,3,CASTELDIDONE,1_CASALMAGGIORE,CREMONA,019023,CREMONA,CASALMAGGIORE-VIADANA,CREMONA,,MANTOVA,CASALASCO - VIADANESE OGLIO PO,CASALMAGGIORE
019025,Castelleone,19025,2,CASTELLEONE,1_CREMA,CREMA,019025,CREMA,CREMA,CREMONA,,CREMA,CREMASCO,CREMA
020016,Castellucchio,20016,6,CASTELLUCCHIO,2_MANTOVA,MANTOVA,020016,MANTOVA,MANTOVA,MANTOVA,,MANTOVA,MANTOVANO,MANTOVA
019026,Castelverde,19026,1,CASTELVERDE,1_CREMONA,CREMONA,019026,CREMONA,CREMONA,CREMONA,,CREMONA,CREMONESE,CREMONA
019027,Castelvisconti,19027,1,CASTELVISCONTI,1_CREMONA,CREMONA,019027,CREMONA,CREMONA,CREMONA,,CREMONA,CREMONESE,CREMONA
020017,Castiglione delle Stiviere,20017,5,CASTIGLIONE DELLE STIVIERE,2_GUIDIZZOLO,MANTOVA,020017,MANTOVA,ASOLA-GUIDIZZOLO,MANTOVA,,MANTOVA,ALTO MANTOVANO,GUIDIZZOLO
020018,Cavriana,20018,5,CAVRIANA,2_GUIDIZZOLO,MANTOVA,020018,MANTOVA,ASOLA-GUIDIZZOLO,MANTOVA,,MANTOVA,ALTO MANTOVANO,GUIDIZZOLO
019028,Cella dati,19028,1,CELLA DATI,1_CREMONA,CREMONA,019028,CREMONA,CREMONA,CREMONA,,CREMONA,CREMONESE,CREMONA
020019,Ceresara,20019,4,CERESARA,2_ASOLA,MANTOVA,020019,MANTOVA,ASOLA-GUIDIZZOLO,MANTOVA,,MANTOVA,ALTO MANTOVANO,ASOLA
019029,Chieve,19029,2,CHIEVE,1_CREMA,CREMA,019029,CREMA,CREMA,CREMONA,,CREMA,CREMASCO,CREMA
019030,Cicognolo,19030,1,CICOGNOLO,1_CREMONA,CREMONA,019030,CREMONA,CREMONA,CREMONA,,CREMONA,CREMONESE,CREMONA
019031,Cingia de'botti,19031,3,CINGIA DE' BOTTI,1_CASALMAGGIORE,CREMONA,019031,CREMONA,CASALMAGGIORE-VIADANA,CREMONA,,MANTOVA,CASALASCO - VIADANESE OGLIO PO,CASALMAGGIORE
020020,Commessaggio,20020,9,COMMESSAGGIO,2_VIADANA,MANTOVA,020020,MANTOVA,CASALMAGGIORE-VIADANA,MANTOVA,,MANTOVA,CASALASCO - VIADANESE OGLIO PO,VIADANA
019032,Corte de'cortesi con cignone,19032,1,CORTE DE' CORTESI CON CIGNONE,1_CREMONA,CREMONA,019032,CREMONA,CREMONA,CREMONA,,CREMONA,CREMONESE,CREMONA
019033,Corte de'frati,19033,1,CORTE DE' FRATI,1_CREMONA,CREMONA,019033,CREMONA,CREMONA,CREMONA,,CREMONA,CREMONESE,CREMONA
019034,Credera rubbiano,19034,2,CREDERA RUBBIANO,1_CREMA,CREMA,019034,CREMA,CREMA,CREMONA,,CREMA,CREMASCO,CREMA
019035,Crema,19035,2,CREMA,1_CREMA,CREMA,019035,CREMA,CREMA,CREMONA,,CREMA,CREMASCO,CREMA
019036,Cremona,19036,1,CREMONA,1_CREMONA,CREMONA,019036,CREMONA,CREMONA,CREMONA,,CREMONA,CREMONESE,CREMONA
019037,Cremosano,19037,2,CREMOSANO,1_CREMA,CREMA,019037,CREMA,CREMA,CREMONA,,CREMA,CREMASCO,CREMA
019038,Crotta d'adda,19038,1,CROTTA D'ADDA,1_CREMONA,CREMONA,019038,CREMONA,CREMONA,CREMONA,,CREMONA,CREMONESE,CREMONA
019039,Cumignano sul naviglio,19039,2,CUMIGNANO SUL NAVIGLIO,1_CREMA,CREMA,019039,CREMA,CREMA,CREMONA,,CREMA,CREMASCO,CREMA
020021,Curtatone,20021,6,CURTATONE,2_MANTOVA,MANTOVA,020021,MANTOVA,MANTOVA,MANTOVA,,MANTOVA,MANTOVANO,MANTOVA
019040,Derovere,19040,1,DEROVERE,1_CREMONA,CREMONA,019040,CREMONA,CREMONA,CREMONA,,CREMONA,CREMONESE,CREMONA
020022,Dosolo,20022,9,DOSOLO,2_VIADANA,MANTOVA,020022,MANTOVA,CASALMAGGIORE-VIADANA,MANTOVA,,MANTOVA,CASALASCO - VIADANESE OGLIO PO,VIADANA
019041,Dovera,19041,2,DOVERA,1_CREMA,CREMA,019041,CREMA,CREMA,CREMONA,,CREMA,CREMASCO,CREMA
019042,Drizzona,19042,3,DRIZZONA,1_CASALMAGGIORE,CREMONA,019042,CREMONA,CASALMAGGIORE-VIADANA,CREMONA,1,MANTOVA,CASALASCO - VIADANESE OGLIO PO,CASALMAGGIORE
020023,Felonica,20023,7,FELONICA,2_OSTIGLIA,MANTOVA,020023,MANTOVA,OSTIGLIA-SUZZARA,MANTOVA,1,MANTOVA,BASSO MANTOVANO,OSTIGLIA
019043,Fiesco,19043,2,FIESCO,1_CREMA,CREMA,019043,CREMA,CREMA,CREMONA,,CREMA,CREMASCO,CREMA
019044,Formigara,19044,1,FORMIGARA,1_CREMONA,CREMONA,019044,CREMONA,CREMONA,CREMONA,,CREMONA,CREMONESE,CREMONA
019045,Gabbioneta-binanuova,19045,1,GABBIONETA-BINANUOVA,1_CREMONA,CREMONA,019045,CREMONA,CREMONA,CREMONA,,CREMONA,CREMONESE,CREMONA
019046,Gadesco-Pieve Delmona,19046,1,GADESCO-PIEVE DELMONA,1_CREMONA,CREMONA,019046,CREMONA,CREMONA,CREMONA,,CREMONA,CREMONESE,CREMONA
020024,Gazoldo degli Ippoliti,20024,4,GAZOLDO DEGLI IPPOLITI,2_ASOLA,MANTOVA,020024,MANTOVA,ASOLA-GUIDIZZOLO,MANTOVA,,MANTOVA,ALTO MANTOVANO,ASOLA
020025,Gazzuolo,20025,9,GAZZUOLO,2_VIADANA,MANTOVA,020025,MANTOVA,CASALMAGGIORE-VIADANA,MANTOVA,,MANTOVA,CASALASCO - VIADANESE OGLIO PO,VIADANA
019047,Genivolta,19047,2,GENIVOLTA,1_CREMA,CREMA,019047,CREMA,CREMA,CREMONA,,CREMA,CREMASCO,CREMA
019048,Gerre de'caprioli,19048,1,GERRE DE' CAPRIOLI,1_CREMONA,CREMONA,019048,CREMONA,CREMONA,CREMONA,,CREMONA,CREMONESE,CREMONA
020026,Goito,20026,5,GOITO,2_GUIDIZZOLO,MANTOVA,020026,MANTOVA,ASOLA-GUIDIZZOLO,MANTOVA,,MANTOVA,ALTO MANTOVANO,GUIDIZZOLO
019049,Gombito,19049,2,GOMBITO,1_CREMA,CREMA,019049,CREMA,CREMA,CREMONA,,CREMA,CREMASCO,CREMA
020027,Gonzaga,20027,8,GONZAGA,2_SUZZARA,MANTOVA,020027,MANTOVA,OSTIGLIA-SUZZARA,MANTOVA,,MANTOVA,BASSO MANTOVANO,SUZZARA
019050,Grontardo,19050,1,GRONTARDO,1_CREMONA,CREMONA,019050,CREMONA,CREMONA,CREMONA,,CREMONA,CREMONESE,CREMONA
019051,Grumello cremonese ed uniti,19051,1,GRUMELLO CREMONESE ED UNITI,1_CREMONA,CREMONA,019051,CREMONA,CREMONA,CREMONA,,CREMONA,CREMONESE,CREMONA
020028,Guidizzolo,20028,5,GUIDIZZOLO,2_GUIDIZZOLO,MANTOVA,020028,MANTOVA,ASOLA-GUIDIZZOLO,MANTOVA,,MANTOVA,ALTO MANTOVANO,GUIDIZZOLO
019052,Gussola,19052,3,GUSSOLA,1_CASALMAGGIORE,CREMONA,019052,CREMONA,CASALMAGGIORE-VIADANA,CREMONA,,MANTOVA,CASALASCO - VIADANESE OGLIO PO,CASALMAGGIORE
019053,Isola dovarese,19053,1,ISOLA DOVARESE,1_CREMONA,CREMONA,019053,CREMONA,CREMONA,CREMONA,,CREMONA,CREMONESE,CREMONA
019054,Izano,19054,2,IZANO,1_CREMA,CREMA,019054,CREMA,CREMA,CREMONA,,CREMA,CREMASCO,CREMA
019055,Madignano,19055,2,MADIGNANO,1_CREMA,CREMA,019055,CREMA,CREMA,CREMONA,,CREMA,CREMASCO,CREMA
020029,Magnacavallo,20029,7,MAGNACAVALLO,2_OSTIGLIA,MANTOVA,020029,MANTOVA,OSTIGLIA-SUZZARA,MANTOVA,,MANTOVA,BASSO MANTOVANO,OSTIGLIA
019056,Malagnino,19056,1,MALAGNINO,1_CREMONA,CREMONA,019056,CREMONA,CREMONA,CREMONA,,CREMONA,CREMONESE,CREMONA
020030,Mantova,20030,6,MANTOVA,2_MANTOVA,MANTOVA,020030,MANTOVA,MANTOVA,MANTOVA,,MANTOVA,MANTOVANO,MANTOVA
020031,Marcaria,20031,9,MARCARIA,2_VIADANA,MANTOVA,020031,MANTOVA,CASALMAGGIORE-VIADANA,MANTOVA,,MANTOVA,CASALASCO - VIADANESE OGLIO PO,VIADANA
020032,Mariana Mantovana,20032,4,MARIANA MANTOVANA,2_ASOLA,MANTOVA,020032,MANTOVA,ASOLA-GUIDIZZOLO,MANTOVA,,MANTOVA,ALTO MANTOVANO,ASOLA
020033,Marmirolo,20033,6,MARMIROLO,2_MANTOVA,MANTOVA,020033,MANTOVA,MANTOVA,MANTOVA,,MANTOVA,MANTOVANO,MANTOVA
019057,Martignana di po,19057,3,MARTIGNANA DI PO,1_CASALMAGGIORE,CREMONA,019057,CREMONA,CASALMAGGIORE-VIADANA,CREMONA,,MANTOVA,CASALASCO - VIADANESE OGLIO PO,CASALMAGGIORE
020034,Medole,20034,5,MEDOLE,2_GUIDIZZOLO,MANTOVA,020034,MANTOVA,ASOLA-GUIDIZZOLO,MANTOVA,,MANTOVA,ALTO MANTOVANO,GUIDIZZOLO
020035,Moglia,20035,8,MOGLIA,2_SUZZARA,MANTOVA,020035,MANTOVA,OSTIGLIA-SUZZARA,MANTOVA,,MANTOVA,BASSO MANTOVANO,SUZZARA
019058,Monte cremasco,19058,2,MONTE CREMASCO,1_CREMA,CREMA,019058,CREMA,CREMA,CREMONA,,CREMA,CREMASCO,CREMA
019059,Montodine,19059,2,MONTODINE,1_CREMA,CREMA,019059,CREMA,CREMA,CREMONA,,CREMA,CREMASCO,CREMA
020036,Monzambano,20036,5,MONZAMBANO,2_GUIDIZZOLO,MANTOVA,020036,MANTOVA,ASOLA-GUIDIZZOLO,MANTOVA,,MANTOVA,ALTO MANTOVANO,GUIDIZZOLO
019060,Moscazzano,19060,2,MOSCAZZANO,1_CREMA,CREMA,019060,CREMA,CREMA,CREMONA,,CREMA,CREMASCO,CREMA
019061,Motta baluffi,19061,3,MOTTA BALUFFI,1_CASALMAGGIORE,CREMONA,019061,CREMONA,CASALMAGGIORE-VIADANA,CREMONA,,MANTOVA,CASALASCO - VIADANESE OGLIO PO,CASALMAGGIORE
020037,Motteggiana,20037,8,MOTTEGGIANA,2_SUZZARA,MANTOVA,020037,MANTOVA,OSTIGLIA-SUZZARA,MANTOVA,,MANTOVA,BASSO MANTOVANO,SUZZARA
019062,Offanengo,19062,2,OFFANENGO,1_CREMA,CREMA,019062,CREMA,CREMA,CREMONA,,CREMA,CREMASCO,CREMA
019063,Olmeneta,19063,1,OLMENETA,1_CREMONA,CREMONA,019063,CREMONA,CREMONA,CREMONA,,CREMONA,CREMONESE,CREMONA
019064,Ostiano,19064,1,OSTIANO,1_CREMONA,CREMONA,019064,CREMONA,CREMONA,CREMONA,,CREMONA,CREMONESE,CREMONA
020038,Ostiglia,20038,7,OSTIGLIA,2_OSTIGLIA,MANTOVA,020038,MANTOVA,OSTIGLIA-SUZZARA,MANTOVA,,MANTOVA,BASSO MANTOVANO,OSTIGLIA
019065,Paderno ponchielli,19065,1,PADERNO PONCHIELLI,1_CREMONA,CREMONA,019065,CREMONA,CREMONA,CREMONA,,CREMONA,CREMONESE,CREMONA
019066,Palazzo pignano,19066,2,PALAZZO PIGNANO,1_CREMA,CREMA,019066,CREMA,CREMA,CREMONA,,CREMA,CREMASCO,CREMA
019067,Pandino,19067,2,PANDINO,1_CREMA,CREMA,019067,CREMA,CREMA,CREMONA,,CREMA,CREMASCO,CREMA
020039,Pegognaga,20039,8,PEGOGNAGA,2_SUZZARA,MANTOVA,020039,MANTOVA,OSTIGLIA-SUZZARA,MANTOVA,,MANTOVA,BASSO MANTOVANO,SUZZARA
019068,Persico dosimo,19068,1,PERSICO DOSIMO,1_CREMONA,CREMONA,019068,CREMONA,CREMONA,CREMONA,,CREMONA,CREMONESE,CREMONA
019069,Pescarolo ed uniti,19069,1,PESCAROLO ED UNITI,1_CREMONA,CREMONA,019069,CREMONA,CREMONA,CREMONA,,CREMONA,CREMONESE,CREMONA
019070,Pessina cremonese,19070,1,PESSINA CREMONESE,1_CREMONA,CREMONA,019070,CREMONA,CREMONA,CREMONA,,CREMONA,CREMONESE,CREMONA
019071,Piadena,19071,3,PIADENA,1_CASALMAGGIORE,CREMONA,019071,CREMONA,CASALMAGGIORE-VIADANA,CREMONA,1,MANTOVA,CASALASCO - VIADANESE OGLIO PO,CASALMAGGIORE
019116,Piadena Drizzona,19116,3,PIADENA DRIZZONA,1_CASALMAGGIORE,CREMONA,019116,CREMONA,CASALMAGGIORE-VIADANA,CREMONA,,MANTOVA,CASALASCO - VIADANESE OGLIO PO,CASALMAGGIORE
019072,Pianengo,19072,2,PIANENGO,1_CREMA,CREMA,019072,CREMA,CREMA,CREMONA,,CREMA,CREMASCO,CREMA
019073,Pieranica,19073,2,PIERANICA,1_CREMA,CREMA,019073,CREMA,CREMA,CREMONA,,CREMA,CREMASCO,CREMA
019074,Pieve d'olmi,19074,1,PIEVE D'OLMI,1_CREMONA,CREMONA,019074,CREMONA,CREMONA,CREMONA,,CREMONA,CREMONESE,CREMONA
020040,Pieve di Coriano,20040,7,PIEVE DI CORIANO,2_OSTIGLIA,MANTOVA,020040,MANTOVA,OSTIGLIA-SUZZARA,MANTOVA,1,MANTOVA,BASSO MANTOVANO,OSTIGLIA
019075,Pieve san giacomo,19075,1,PIEVE SAN GIACOMO,1_CREMONA,CREMONA,019075,CREMONA,CREMONA,CREMONA,,CREMONA,CREMONESE,CREMONA
020041,Piubega,20041,4,PIUBEGA,2_ASOLA,MANTOVA,020041,MANTOVA,ASOLA-GUIDIZZOLO,MANTOVA,,MANTOVA,ALTO MANTOVANO,ASOLA
019076,Pizzighettone,19076,1,PIZZIGHETTONE,1_CREMONA,CREMONA,019076,CREMONA,CREMONA,CREMONA,,CREMONA,CREMONESE,CREMONA
020042,Poggio Rusco,20042,7,POGGIO RUSCO,2_OSTIGLIA,MANTOVA,020042,MANTOVA,OSTIGLIA-SUZZARA,MANTOVA,,MANTOVA,BASSO MANTOVANO,OSTIGLIA
020043,Pomponesco,20043,9,POMPONESCO,2_VIADANA,MANTOVA,020043,MANTOVA,CASALMAGGIORE-VIADANA,MANTOVA,,MANTOVA,CASALASCO - VIADANESE OGLIO PO,VIADANA
020044,Ponti sul Mincio,20044,5,PONTI SUL MINCIO,2_GUIDIZZOLO,MANTOVA,020044,MANTOVA,ASOLA-GUIDIZZOLO,MANTOVA,,MANTOVA,ALTO MANTOVANO,GUIDIZZOLO
020045,Porto Mantovano,20045,6,PORTO MANTOVANO,2_MANTOVA,MANTOVA,020045,MANTOVA,MANTOVA,MANTOVA,,MANTOVA,MANTOVANO,MANTOVA
019077,Pozzaglio ed uniti,19077,1,POZZAGLIO ED UNITI,1_CREMONA,CREMONA,019077,CREMONA,CREMONA,CREMONA,,CREMONA,CREMONESE,CREMONA
020046,Quingentole,20046,7,QUINGENTOLE,2_OSTIGLIA,MANTOVA,020046,MANTOVA,OSTIGLIA-SUZZARA,MANTOVA,,MANTOVA,BASSO MANTOVANO,OSTIGLIA
019078,Quintano,19078,2,QUINTANO,1_CREMA,CREMA,019078,CREMA,CREMA,CREMONA,,CREMA,CREMASCO,CREMA
020047,Quistello,20047,7,QUISTELLO,2_OSTIGLIA,MANTOVA,020047,MANTOVA,OSTIGLIA-SUZZARA,MANTOVA,,MANTOVA,BASSO MANTOVANO,OSTIGLIA
020048,Redondesco,20048,4,REDONDESCO,2_ASOLA,MANTOVA,020048,MANTOVA,ASOLA-GUIDIZZOLO,MANTOVA,,MANTOVA,ALTO MANTOVANO,ASOLA
020049,Revere,20049,7,REVERE,2_OSTIGLIA,MANTOVA,020049,MANTOVA,OSTIGLIA-SUZZARA,MANTOVA,1,MANTOVA,BASSO MANTOVANO,OSTIGLIA
019079,Ricengo,19079,2,RICENGO,1_CREMA,CREMA,019079,CREMA,CREMA,CREMONA,,CREMA,CREMASCO,CREMA
019080,Ripalta arpina,19080,2,RIPALTA ARPINA,1_CREMA,CREMA,019080,CREMA,CREMA,CREMONA,,CREMA,CREMASCO,CREMA
019081,Ripalta cremasca,19081,2,RIPALTA CREMASCA,1_CREMA,CREMA,019081,CREMA,CREMA,CREMONA,,CREMA,CREMASCO,CREMA
019082,Ripalta guerina,19082,2,RIPALTA GUERINA,1_CREMA,CREMA,019082,CREMA,CREMA,CREMONA,,CREMA,CREMASCO,CREMA
019083,Rivarolo del re ed uniti,19083,3,RIVAROLO DEL RE ED UNITI,1_CASALMAGGIORE,CREMONA,019083,CREMONA,CASALMAGGIORE-VIADANA,CREMONA,,MANTOVA,CASALASCO - VIADANESE OGLIO PO,CASALMAGGIORE
020050,Rivarolo Mantovano,20050,9,RIVAROLO MANTOVANO,2_VIADANA,MANTOVA,020050,MANTOVA,CASALMAGGIORE-VIADANA,MANTOVA,,MANTOVA,CASALASCO - VIADANESE OGLIO PO,VIADANA
019084,Rivolta d'adda,19084,2,RIVOLTA D'ADDA,1_CREMA,CREMA,019084,CREMA,CREMA,CREMONA,,CREMA,CREMASCO,CREMA
019085,Robecco d'oglio,19085,1,ROBECCO D'OGLIO,1_CREMONA,CREMONA,019085,CREMONA,CREMONA,CREMONA,,CREMONA,CREMONESE,CREMONA
020051,Rodigo,20051,6,RODIGO,2_MANTOVA,MANTOVA,020051,MANTOVA,MANTOVA,MANTOVA,,MANTOVA,MANTOVANO,MANTOVA
019086,Romanengo,19086,2,ROMANENGO,1_CREMA,CREMA,019086,CREMA,CREMA,CREMONA,,CREMA,CREMASCO,CREMA
020052,Roncoferraro,20052,6,RONCOFERRARO,2_MANTOVA,MANTOVA,020052,MANTOVA,MANTOVA,MANTOVA,,MANTOVA,MANTOVANO,MANTOVA
020053,Roverbella,20053,6,ROVERBELLA,2_MANTOVA,MANTOVA,020053,MANTOVA,MANTOVA,MANTOVA,,MANTOVA,MANTOVANO,MANTOVA
020054,Sabbioneta,20054,9,SABBIONETA,2_VIADANA,MANTOVA,020054,MANTOVA,CASALMAGGIORE-VIADANA,MANTOVA,,MANTOVA,CASALASCO - VIADANESE OGLIO PO,VIADANA
019087,Salvirola,19087,2,SALVIROLA,1_CREMA,CREMA,019087,CREMA,CREMA,CREMONA,,CREMA,CREMASCO,CREMA
019088,San bassano,19088,1,SAN BASSANO,1_CREMONA,CREMONA,019088,CREMONA,CREMONA,CREMONA,,CREMONA,CREMONESE,CREMONA
020055,San Benedetto Po,20055,8,SAN BENEDETTO PO,2_SUZZARA,MANTOVA,020055,MANTOVA,OSTIGLIA-SUZZARA,MANTOVA,,MANTOVA,BASSO MANTOVANO,SUZZARA
019089,San daniele po,19089,1,SAN DANIELE PO,1_CREMONA,CREMONA,019089,CREMONA,CREMONA,CREMONA,,CREMONA,CREMONESE,CREMONA
020056,San Giacomo delle Segnate,20056,7,SAN GIACOMO DELLE SEGNATE,2_OSTIGLIA,MANTOVA,020056,MANTOVA,OSTIGLIA-SUZZARA,MANTOVA,,MANTOVA,BASSO MANTOVANO,OSTIGLIA
020057,San Giorgio Bigarello,20057,6,SAN GIORGIO BIGARELLO,2_MANTOVA,MANTOVA,020057,MANTOVA,MANTOVA,MANTOVA,,MANTOVA,MANTOVANO,MANTOVA
020058,San Giovanni del Dosso,20058,7,SAN GIOVANNI DEL DOSSO,2_OSTIGLIA,MANTOVA,020058,MANTOVA,OSTIGLIA-SUZZARA,MANTOVA,,MANTOVA,BASSO MANTOVANO,OSTIGLIA
019090,San giovanni in croce,19090,3,SAN GIOVANNI IN CROCE,1_CASALMAGGIORE,CREMONA,019090,CREMONA,CASALMAGGIORE-VIADANA,CREMONA,,MANTOVA,CASALASCO - VIADANESE OGLIO PO,CASALMAGGIORE
020059,San Martino dall'Argine,20059,9,SAN MARTINO DALL'ARGINE,2_VIADANA,MANTOVA,020059,MANTOVA,CASALMAGGIORE-VIADANA,MANTOVA,,MANTOVA,CASALASCO - VIADANESE OGLIO PO,VIADANA
019091,San martino del lago,19091,3,SAN MARTINO DEL LAGO,1_CASALMAGGIORE,CREMONA,019091,CREMONA,CASALMAGGIORE-VIADANA,CREMONA,,MANTOVA,CASALASCO - VIADANESE OGLIO PO,CASALMAGGIORE
019092,Scandolara ravara,19092,3,SCANDOLARA RAVARA,1_CASALMAGGIORE,CREMONA,019092,CREMONA,CASALMAGGIORE-VIADANA,CREMONA,,MANTOVA,CASALASCO - VIADANESE OGLIO PO,CASALMAGGIORE
019093,Scandolara ripa d'oglio,19093,1,SCANDOLARA RIPA D'OGLIO,1_CREMONA,CREMONA,019093,CREMONA,CREMONA,CREMONA,,CREMONA,CREMONESE,CREMONA
020060,Schivenoglia,20060,7,SCHIVENOGLIA,2_OSTIGLIA,MANTOVA,020060,MANTOVA,OSTIGLIA-SUZZARA,MANTOVA,,MANTOVA,BASSO MANTOVANO,OSTIGLIA
019094,Sergnano,19094,2,SERGNANO,1_CREMA,CREMA,019094,CREMA,CREMA,CREMONA,,CREMA,CREMASCO,CREMA
020061,Sermide e Felonica,20061,7,SERMIDE E FELONICA,2_OSTIGLIA,MANTOVA,020061,MANTOVA,OSTIGLIA-SUZZARA,MANTOVA,,MANTOVA,BASSO MANTOVANO,OSTIGLIA
020062,Serravalle a Po,20062,7,SERRAVALLE A PO,2_OSTIGLIA,MANTOVA,020062,MANTOVA,OSTIGLIA-SUZZARA,MANTOVA,,MANTOVA,BASSO MANTOVANO,OSTIGLIA
019095,Sesto ed uniti,19095,1,SESTO ED UNITI,1_CREMONA,CREMONA,019095,CREMONA,CREMONA,CREMONA,,CREMONA,CREMONESE,CREMONA
019096,Solarolo rainerio,19096,3,SOLAROLO RAINERIO,1_CASALMAGGIORE,CREMONA,019096,CREMONA,CASALMAGGIORE-VIADANA,CREMONA,,MANTOVA,CASALASCO - VIADANESE OGLIO PO,CASALMAGGIORE
020063,Solferino,20063,5,SOLFERINO,2_GUIDIZZOLO,MANTOVA,020063,MANTOVA,ASOLA-GUIDIZZOLO,MANTOVA,,MANTOVA,ALTO MANTOVANO,GUIDIZZOLO
019097,Soncino,19097,2,SONCINO,1_CREMA,CREMA,019097,CREMA,CREMA,CREMONA,,CREMA,CREMASCO,CREMA
019098,Soresina,19098,1,SORESINA,1_CREMONA,CREMONA,019098,CREMONA,CREMONA,CREMONA,,CREMONA,CREMONESE,CREMONA
019099,Sospiro,19099,1,SOSPIRO,1_CREMONA,CREMONA,019099,CREMONA,CREMONA,CREMONA,,CREMONA,CREMONESE,CREMONA
019100,Spinadesco,19100,1,SPINADESCO,1_CREMONA,CREMONA,019100,CREMONA,CREMONA,CREMONA,,CREMONA,CREMONESE,CREMONA
019101,Spineda,19101,3,SPINEDA,1_CASALMAGGIORE,CREMONA,019101,CREMONA,CASALMAGGIORE-VIADANA,CREMONA,,MANTOVA,CASALASCO - VIADANESE OGLIO PO,CASALMAGGIORE
019102,Spino d'adda,19102,2,SPINO D'ADDA,1_CREMA,CREMA,019102,CREMA,CREMA,CREMONA,,CREMA,CREMASCO,CREMA
019103,Stagno lombardo,19103,1,STAGNO LOMBARDO,1_CREMONA,CREMONA,019103,CREMONA,CREMONA,CREMONA,,CREMONA,CREMONESE,CREMONA
020064,Sustinente,20064,7,SUSTINENTE,2_OSTIGLIA,MANTOVA,020064,MANTOVA,OSTIGLIA-SUZZARA,MANTOVA,,MANTOVA,BASSO MANTOVANO,OSTIGLIA
020065,Suzzara,20065,8,SUZZARA,2_SUZZARA,MANTOVA,020065,MANTOVA,OSTIGLIA-SUZZARA,MANTOVA,,MANTOVA,BASSO MANTOVANO,SUZZARA
019104,Ticengo,19104,2,TICENGO,1_CREMA,CREMA,019104,CREMA,CREMA,CREMONA,,CREMA,CREMASCO,CREMA
019105,Torlino vimercati,19105,2,TORLINO VIMERCATI,1_CREMA,CREMA,019105,CREMA,CREMA,CREMONA,,CREMA,CREMASCO,CREMA
019106,Tornata,19106,3,TORNATA,1_CASALMAGGIORE,CREMONA,019106,CREMONA,CASALMAGGIORE-VIADANA,CREMONA,,MANTOVA,CASALASCO - VIADANESE OGLIO PO,CASALMAGGIORE
019107,Torre de'picenardi,19107,3,TORRE DE' PICENARDI,1_CREMONA,CREMONA,019107,CREMONA,CREMONA,CREMONA,,CREMONA,CREMONESE,CREMONA
019108,Torricella del pizzo,19108,3,TORRICELLA DEL PIZZO,1_CASALMAGGIORE,CREMONA,019108,CREMONA,CASALMAGGIORE-VIADANA,CREMONA,,MANTOVA,CASALASCO - VIADANESE OGLIO PO,CASALMAGGIORE
019109,Trescore cremasco,19109,2,TRESCORE CREMASCO,1_CREMA,CREMA,019109,CREMA,CREMA,CREMONA,,CREMA,CREMASCO,CREMA
019110,Trigolo,19110,2,TRIGOLO,1_CREMA,CREMA,019110,CREMA,CREMA,CREMONA,,CREMA,CREMASCO,CREMA
019111,Vaiano cremasco,19111,2,VAIANO CREMASCO,1_CREMA,CREMA,019111,CREMA,CREMA,CREMONA,,CREMA,CREMASCO,CREMA
019112,Vailate,19112,2,VAILATE,1_CREMA,CREMA,019112,CREMA,CREMA,CREMONA,,CREMA,CREMASCO,CREMA
019113,Vescovato,19113,1,VESCOVATO,1_CREMONA,CREMONA,019113,CREMONA,CREMONA,CREMONA,,CREMONA,CREMONESE,CREMONA
020066,Viadana,20066,9,VIADANA,2_VIADANA,MANTOVA,020066,MANTOVA,CASALMAGGIORE-VIADANA,MANTOVA,,MANTOVA,CASALASCO - VIADANESE OGLIO PO,VIADANA
020067,Villa Poma,20067,7,VILLA POMA,2_OSTIGLIA,MANTOVA,020067,MANTOVA,OSTIGLIA-SUZZARA,MANTOVA,1,MANTOVA,BASSO MANTOVANO,OSTIGLIA
020068,Villimpenta,20068,6,VILLIMPENTA,2_MANTOVA,MANTOVA,020068,MANTOVA,MANTOVA,MANTOVA,,MANTOVA,MANTOVANO,MANTOVA
020069,Virgilio,20069,6,VIRGILIO,2_MANTOVA,MANTOVA,020069,MANTOVA,MANTOVA,MANTOVA,1,MANTOVA,MANTOVANO,MANTOVA
019114,Volongo,19114,1,VOLONGO,1_CREMONA,CREMONA,019114,CREMONA,CREMONA,CREMONA,,CREMONA,CREMONESE,CREMONA
020070,Volta Mantovana,20070,5,VOLTA MANTOVANA,2_GUIDIZZOLO,MANTOVA,020070,MANTOVA,ASOLA-GUIDIZZOLO,MANTOVA,,MANTOVA,ALTO MANTOVANO,GUIDIZZOLO
019115,Voltido,19115,3,VOLTIDO,1_CASALMAGGIORE,CREMONA,019115,CREMONA,CASALMAGGIORE-VIADANA,CREMONA,,MANTOVA,CASALASCO - VIADANESE OGLIO PO,CASALMAGGIORE